"","ID","Description","setSize","enrichmentScore","NES","pvalue","p.adjust","qvalue","rank","leading_edge","core_enrichment"
"HALLMARK_E2F_TARGETS","HALLMARK_E2F_TARGETS","HALLMARK_E2F_TARGETS",191,-0.751199303093336,-3.35134553794408,4.32952156896355e-48,2.16476078448177e-46,1.32164342631519e-46,1947,"tags=71%, list=15%, signal=61%","SMC6/DIAPH3/NUDT21/PAICS/NUP107/CDK4/RANBP1/NUP153/TFRC/NOP56/TBRG4/SRSF1/LYAR/XRCC6/ANP32E/CBX5/MMS22L/DUT/UBR7/UNG/PHF5A/STMN1/RFC1/TUBG1/DCK/NUP205/POP7/POLD2/NOLC1/HNRNPD/RPA1/CSE1L/HMMR/PA2G4/USP1/BRCA2/CDC25B/TIPIN/SMC4/TRA2B/DONSON/TUBB/PCNA/CIT/ILF3/SMC1A/POLD3/HELLS/CKS2/HMGB2/SNRPB/NASP/CTPS1/PTTG1/RACGAP1/EXOSC8/DEPDC1/MELK/CENPE/NME1/TMPO/DCTPP1/SSRP1/PSMC3IP/WDR90/BRCA1/DDX39A/HMGB3/MCM6/LBR/DCLRE1B/CDKN2C/CKS1B/MCM2/PLK4/SRSF2/NCAPD2/RNASEH2A/DLGAP5/RFC3/MKI67/DNMT1/POLD1/SHMT1/ORC6/POLA2/BUB1B/GINS4/SPC25/TIMELESS/TOP2A/CDK1/RFC2/TK1/KIF4A/E2F8/UBE2T/RAD51AP1/UBE2S/EZH2/CDKN3/SUV39H1/CCNB2/ESPL1/KPNA2/POLE/MCM4/PLK1/SPAG5/KIF2C/TCF19/LIG1/BIRC5/CDCA8/CDC20/SPC24/GINS1/MXD3/MCM3/TRIP13/MCM7/MCM5/KIF22/TACC3/ATAD2/CENPM/GINS3/CDC25A/LMNB1/AURKB/ASF1B/RRM2/MAD2L1/CDCA3/AURKA/MYBL2"
"HALLMARK_G2M_CHECKPOINT","HALLMARK_G2M_CHECKPOINT","HALLMARK_G2M_CHECKPOINT",186,-0.675163207255894,-3.01005380431501,2.71407776583723e-31,6.78519441459306e-30,4.14253974785682e-30,1280,"tags=53%, list=10%, signal=48%","KIF20B/SMC2/NOLC1/HNRNPD/HMMR/BRCA2/CDC25B/SMC4/SFPQ/TRA2B/ILF3/SMC1A/RBM14/CKS2/AMD1/SNRPD1/NASP/POLQ/PTTG1/RACGAP1/FANCC/CENPE/NDC80/TMPO/DTYMK/KIF15/KIF23/DDX39A/HMGB3/MCM6/LBR/SLC7A1/CDKN2C/HOXC10/CKS1B/RBL1/MCM2/PLK4/FBXO5/SRSF2/RPS6KA5/CENPF/CDC7/STIL/TTK/INCENP/BUB1/MKI67/EXO1/ORC6/POLA2/PBK/CCNA2/TOP2A/PRC1/CDK1/KIF4A/MEIS1/UBE2S/KIF11/EZH2/CDKN3/E2F2/SUV39H1/CCNB2/ESPL1/KPNA2/POLE/TPX2/DBF4/PLK1/CENPA/CHAF1A/CDC6/KIF2C/NUSAP1/BIRC5/UBE2C/CDC20/GINS2/MCM3/NEK2/MCM5/KIF22/MT2A/TACC3/TRAIP/CDC25A/LMNB1/AURKB/E2F1/CCNF/MAD2L1/AURKA/TROAP/RAD54L/CDC45/MYBL2"
"HALLMARK_MYC_TARGETS_V1","HALLMARK_MYC_TARGETS_V1","HALLMARK_MYC_TARGETS_V1",193,-0.548914415035639,-2.46355251808686,1.47901214476737e-16,2.46502024127896e-15,1.50495972625452e-15,3711,"tags=62%, list=29%, signal=44%","CCT4/EXOSC7/SYNCRIP/NHP2/HNRNPU/KPNB1/HSPE1/PSMC6/EIF4G2/IMPDH2/HNRNPR/EIF3B/PSMD1/HNRNPA3/SRPK1/HNRNPC/CCT2/PSMB3/UBA2/SERBP1/SET/EIF3D/G3BP1/DHX15/TFDP1/SRM/SRSF7/EIF4A1/HNRNPA1/ERH/NCBP1/SNRPD3/GOT2/RPL18/PRPF31/PHB2/TCP1/NOP16/EIF4E/CCT7/ABCE1/SF3B3/TARDBP/ODC1/SRSF3/PSMC4/PSMD3/VDAC3/MRPL23/C1QBP/BUB3/GLO1/PSMA7/HSP90AB1/CAD/ILF2/CDK4/EIF1AX/PSMB2/RANBP1/HNRNPA2B1/SF3A1/NOP56/U2AF1/DDX18/LSM7/SRSF1/RPL14/XRCC6/AIMP2/APEX1/EIF4H/PCBP1/TRIM28/VBP1/DUT/CYC1/RPL22/HDGF/PRPS2/PPM1G/POLD2/LSM2/NOLC1/SNRPA1/HNRNPD/MRPL9/RNPS1/PA2G4/USP1/PSMA6/CCT5/TRA2B/SNRPA/PCNA/RUVBL2/RRM1/RRP9/CSTF2/FBL/POLE3/SNRPD1/CTPS1/NME1/MCM6/MCM2/HPRT1/SRSF2/CCNA2/RFC4/KPNA2/MCM4/CDC20/MCM7/MCM5/TYMS/CDK2/MAD2L1/CDC45"
"HALLMARK_MYC_TARGETS_V2","HALLMARK_MYC_TARGETS_V2","HALLMARK_MYC_TARGETS_V2",56,-0.706839593925384,-2.67810975779954,3.08394032567513e-11,3.85492540709392e-10,2.35353340643629e-10,2927,"tags=75%, list=23%, signal=58%","NDUFAF4/SRM/UTP20/PES1/TMEM97/NOP16/SORD/BYSL/MYBBP1A/NIP7/PPRC1/PRMT3/CDK4/SUPV3L1/FARSA/NOP56/TBRG4/DDX18/AIMP2/LAS1L/EXOSC5/PPAN/UNG/IPO4/IMP4/MRTO4/NOP2/RRP12/NOLC1/GRWD1/DUSP2/PA2G4/WDR74/RRP9/DCTPP1/PLK4/TCOF1/NOC4L/MCM4/PLK1/SLC19A1/MCM5"
"HALLMARK_MYOGENESIS","HALLMARK_MYOGENESIS","HALLMARK_MYOGENESIS",136,0.627074216321817,2.06176679849338,1.12376036226338e-09,1.12376036226338e-08,6.86085273802906e-09,1972,"tags=44%, list=16%, signal=38%","DMD/NAV2/MYH1/PTGIS/MYH2/CASQ2/MYH11/CAMK2B/CD36/LSP1/SGCG/TNNC1/ACTC1/SGCA/MYH3/LAMA2/SGCD/ERBB3/MYOM1/IGFBP3/APOD/CACNA1H/ITGA7/SH3BGR/ITGB4/GAA/IGFBP7/LDB3/COX7A1/TPD52L1/COL3A1/PPP1R3C/PDE4DIP/ADAM12/SORBS3/SOD3/DES/SSPN/TAGLN/FOXO4/KCNH1/SVIL/ITGB1/CLU/CRYAB/DTNA/BHLHE40/EIF4A2/ITGB5/AGL/FABP3/STC2/TPM2/COL6A2/COL15A1/PPFIA4/DMPK/ENO3/GPX3/COL6A3"
"HALLMARK_EPITHELIAL_MESENCHYMAL_TRANSITION","HALLMARK_EPITHELIAL_MESENCHYMAL_TRANSITION","HALLMARK_EPITHELIAL_MESENCHYMAL_TRANSITION",190,0.560439418461585,1.89286148250797,2.75894504058018e-08,2.29912086715015e-07,1.40367379257588e-07,1972,"tags=44%, list=16%, signal=38%","SFRP4/ABI3BP/VCAM1/MEST/EDIL3/POSTN/ECM2/VCAN/SGCG/MFAP5/COMP/FMOD/SERPINE2/ACTA2/COL5A3/PTX3/PTHLH/LAMA2/SGCD/CRLF1/IGFBP3/TGFBI/PCOLCE2/DCN/INHBA/TGFBR3/SPOCK1/COL8A2/SLIT3/LRRC15/IL6/HTRA1/LUM/LAMA1/THBS2/NTM/COL3A1/CALD1/IGFBP2/FBN1/FBLN2/RGS4/ADAM12/NNMT/SNTB1/VEGFA/CD59/FAP/LOX/MXRA5/TAGLN/ELN/DAB2/DST/MATN3/LAMC1/ITGB1/ITGAV/TIMP1/JUN/TNFAIP3/LRP1/ID2/COL4A1/FN1/FUCA1/COL12A1/ITGB5/COL5A1/SNAI2/SFRP1/MMP2/TPM2/AREG/MAGEE1/COL6A2/EFEMP2/BMP1/LOXL1/MYL9/COL1A2/TNC/GAS1/COL6A3"
"HALLMARK_DNA_REPAIR","HALLMARK_DNA_REPAIR","HALLMARK_DNA_REPAIR",137,-0.46514345534812,-2.04387306667923,9.51523083194013e-08,6.79659345138581e-07,4.14949915979344e-07,3111,"tags=40%, list=25%, signal=31%","TAF6/CLP1/GTF2A2/RPA2/RALA/TMED2/ERCC3/ITPA/ERCC1/POLR2E/RAE1/GTF2B/SNAPC5/POLR2C/SF3A3/SNAPC4/GTF3C5/POLR3C/TAF1C/DGCR8/COX17/GTF2F1/NUDT21/UPF3B/STX3/CANT1/NT5C/DUT/ADRM1/BCAM/AAAS/POLA1/UMPS/POLR2I/PCNA/POLD3/CDA/NME1/SSRP1/ALYREF/ARL6IP1/SAC3D1/HPRT1/RFC3/POLD1/POLA2/RAD51/RFC2/RFC4/RFC5/LIG1/PRIM1/TYMS/FEN1/ZWINT"
"HALLMARK_MITOTIC_SPINDLE","HALLMARK_MITOTIC_SPINDLE","HALLMARK_MITOTIC_SPINDLE",187,-0.392900087228992,-1.74671100944898,2.86332586388446e-06,1.78957866492779e-05,1.09258486911381e-05,2252,"tags=35%, list=18%, signal=29%","KPTN/ARHGDIA/RHOF/KATNB1/CEP192/TUBGCP5/CEP57/FSCN1/SHROOM2/SUN2/BCL2L11/CNTROB/PCNT/TUBGCP2/DOCK2/PIF1/TUBGCP3/RFC1/EPB41/MAP3K11/KIF20B/CDC42EP1/EZR/ARAP3/BRCA2/SHROOM1/SMC4/CENPJ/NET1/SMC1A/KNTC1/CEP72/GEMIN4/ECT2/RACGAP1/CENPE/NDC80/KIF15/CNTRL/KIF23/ANLN/SAC3D1/FBXO5/CENPF/TUBA4A/TTK/DLGAP5/INCENP/BUB1/TOP2A/PRC1/CDK1/KIF4A/KIF11/CCNB2/ESPL1/TPX2/PLK1/KIF2C/NUSAP1/BIRC5/NEK2/KIF22/LMNB1/AURKA"
"HALLMARK_HYPOXIA","HALLMARK_HYPOXIA","HALLMARK_HYPOXIA",150,0.497937147423576,1.64616137036943,0.00035675117645143,0.00198195098028572,0.00121003323006918,2321,"tags=37%, list=18%, signal=30%","IGFBP1/SLC2A5/ANGPTL4/TGFB3/GPC4/NDRG1/IGFBP3/TGFBI/ATF3/DCN/FOS/GAA/AK4/IL6/MXI1/SLC6A6/AKAP12/PPP1R3C/VEGFA/LOX/TMEM45A/SDC2/SRPX/KLHL24/KLF7/JUN/TNFAIP3/P4HA1/DTNA/BHLHE40/DDIT4/COL5A1/PGM1/EFNA3/STC2/PAM/PRDX5/BNIP3L/CCNG2/CAV1/ADM/VLDLR/RBPJ/IDS/PPFIA4/ENO3/ZFP36/HEXA/KDM3A/SLC2A3/IER3/GLRX/GBE1/MAP3K1/KDELR3"
"HALLMARK_KRAS_SIGNALING_UP","HALLMARK_KRAS_SIGNALING_UP","HALLMARK_KRAS_SIGNALING_UP",122,0.509872463250973,1.66238576808719,0.000595925086794344,0.00297962543397172,0.00181913973863537,2023,"tags=38%, list=16%, signal=32%","CPE/FGF9/TMEM100/ITGB2/ANXA10/CAB39L/ANGPTL4/CFB/KCNN4/ITGBL1/ALDH1A3/SATB1/IGFBP3/CFH/APOD/KLF4/INHBA/HDAC9/RELN/GPRC5B/LIF/CCND2/GFPT2/AKAP12/IL1RL2/IL1B/MAP7/EVI5/TNFAIP3/ID2/LY96/PLAT/ANKH/FUCA1/ACE/BIRC3/TFPI/ENG/GPNMB/CBR4/TSPAN1/MAFB/CTSS/EMP1/CDADC1/TRIB2"
"HALLMARK_COMPLEMENT","HALLMARK_COMPLEMENT","HALLMARK_COMPLEMENT",125,0.491348623720043,1.60227094497966,0.00122228359721207,0.00509284832171696,0.00310931792273246,2584,"tags=34%, list=20%, signal=27%","PCSK9/SERPINB2/CD36/PLA2G4A/CFB/CD55/CFH/IL6/LGALS3/C1S/CTSO/CPQ/DPP4/C1R/CD59/CASP10/DOCK4/TIMP1/CLU/LGMN/TNFAIP3/LRP1/PLAT/SERPING1/FN1/RASGRP1/CBLB/LIPA/FYN/PSMB9/GNB4/CTSS/ADAM9/ANXA5/TIMP2/CD46/COL4A2/VCPIP1/CTSD/JAK2/LAMP2/AKAP10"
"HALLMARK_INTERFERON_GAMMA_RESPONSE","HALLMARK_INTERFERON_GAMMA_RESPONSE","HALLMARK_INTERFERON_GAMMA_RESPONSE",146,0.47566956941798,1.56845451150358,0.00115292260939286,0.00509284832171696,0.00310931792273246,1583,"tags=23%, list=12%, signal=20%","FGL2/HLA-B/CSF2RB/VCAM1/IFI27/PLA2G4A/HLA-DMA/CFB/IFI30/SECTM1/AUTS2/CFH/HERC6/STAT4/IL6/C1S/HLA-A/TXNIP/STAT1/BANK1/C1R/SSPN/SAMD9L/NCOA3/B2M/TNFAIP3/LGALS3BP/DHX58/SERPING1/STAT2/IFIT3/APOL6/PSMB9"
"HALLMARK_INTERFERON_ALPHA_RESPONSE","HALLMARK_INTERFERON_ALPHA_RESPONSE","HALLMARK_INTERFERON_ALPHA_RESPONSE",79,0.527449734476961,1.63433522971103,0.0024675725997319,0.00949066384512268,0.00579430003175911,2297,"tags=35%, list=18%, signal=29%","HLA-C/IFI27/OAS1/IFI30/HERC6/C1S/TXNIP/SAMD9/GBP2/SAMD9L/B2M/LGALS3BP/DHX58/PROCR/NCOA7/LPAR6/STAT2/IFIT3/TMEM140/PSMB9/UBA7/GMPR/PARP14/UBE2L6/GBP4/DDX60/IFITM3/IFITM1"
"HALLMARK_KRAS_SIGNALING_DN","HALLMARK_KRAS_SIGNALING_DN","HALLMARK_KRAS_SIGNALING_DN",65,0.551118076496008,1.64989416882467,0.00408278808144544,0.0145813860051623,0.00890231987683592,1819,"tags=35%, list=14%, signal=30%","EPHA5/FGF16/SERPINB2/CAMK1D/THNSL2/TENM2/ACTC1/RGS11/ADRA2C/THRB/BMPR1B/TGFB2/IDUA/IGFBP2/WNT16/PLAG1/MAGIX/COPZ2/NTF3/ITGB1BP2/EDN1/NR4A2/PDK2"
"HALLMARK_IL6_JAK_STAT3_SIGNALING","HALLMARK_IL6_JAK_STAT3_SIGNALING","HALLMARK_IL6_JAK_STAT3_SIGNALING",56,0.552087913842955,1.61295334113537,0.0050022194518962,0.016674064839654,0.0101799553757888,1402,"tags=25%, list=11%, signal=22%","PLA2G2A/CSF2RB/A2M/CD36/IL6ST/IL6/STAT1/IL1B/MAP3K8/OSMR/LEPR/JUN/IL1R1/STAT2"
"HALLMARK_COAGULATION","HALLMARK_COAGULATION","HALLMARK_COAGULATION",81,0.508374226705053,1.58108674831766,0.00591112059002741,0.0184722518438357,0.0112777958625523,1901,"tags=38%, list=15%, signal=33%","A2M/SERPINB2/COMP/CFB/CFH/THBD/PROS1/HTRA1/C1S/FBN1/CTSO/CPQ/DPP4/C1R/S100A1/ACOX2/KLF7/TIMP1/CRIP2/CLU/LGMN/LRP1/PLAT/SERPING1/FN1/PRSS23/MMP2/FYN/CTSK/BMP1/ADAM9"
"HALLMARK_SPERMATOGENESIS","HALLMARK_SPERMATOGENESIS","HALLMARK_SPERMATOGENESIS",68,-0.377739100892977,-1.4755773508139,0.0169835973861097,0.0499517570179698,0.0304968621793921,1419,"tags=29%, list=11%, signal=26%","ARL4A/CAMK4/PARP2/TOPBP1/DMC1/RPL39L/HSPA2/TTK/BUB1/TLE4/CDK1/RFC4/NCAPH/EZH2/CDKN3/CCNB2/DBF4/KIF2C/NEK2/AURKA"
"HALLMARK_APOPTOSIS","HALLMARK_APOPTOSIS","HALLMARK_APOPTOSIS",138,0.442808261122647,1.4565895732794,0.0189790553415222,0.0527195981708949,0.0321867020411779,2672,"tags=36%, list=21%, signal=28%","GSTM1/IL1A/ERBB3/SATB1/ATF3/DCN/TGFBR3/TGFB2/IL6/HGF/LUM/CCND2/LGALS3/NEDD9/TXNIP/IL1B/PDCD4/CTH/BMF/FEZ1/TIMP1/JUN/CLU/PLAT/ANKH/IGFBP6/BIRC3/MMP2/BNIP3L/CAV1/EGR3/F2R/EMP1/GPX3/IER3/GSN/TIMP2/ROCK1/PDGFRB/IFITM3/BCL10/PTK2/DNAJC3/TIMP3/PEA15/MCL1/DDIT3/FAS/XIAP"
"HALLMARK_ALLOGRAFT_REJECTION","HALLMARK_ALLOGRAFT_REJECTION","HALLMARK_ALLOGRAFT_REJECTION",94,0.463769014991661,1.46760377214833,0.0231168833339571,0.0608339035104133,0.037140698985305,1158,"tags=24%, list=9%, signal=22%","ITGB2/HLA-DMA/CD4/CDKN2A/CD7/SRGN/INHBA/HDAC9/STAT4/TGFB2/IL6/LIF/CCND2/HLA-A/CCL13/STAT1/IL1B/TLR3/IL12A/GBP2/GALNT1/B2M/TIMP1"
"HALLMARK_INFLAMMATORY_RESPONSE","HALLMARK_INFLAMMATORY_RESPONSE","HALLMARK_INFLAMMATORY_RESPONSE",111,0.422092318375507,1.35978130227365,0.0406320541760722,0.101580135440181,0.0620173458476892,1789,"tags=24%, list=14%, signal=21%","TNFSF15/MSR1/PCDH7/IL1A/ITGB8/RNF144B/KCNJ2/CD55/INHBA/IL6/LIF/IL1B/TLR3/TNFSF9/OSMR/PTGER4/TIMP1/SLC31A2/SGMS2/IL1R1/AHR/RASGRP1/ACVR2A/EDN1/ADM/ABCA1/HAS2"
"HALLMARK_ANGIOGENESIS","HALLMARK_ANGIOGENESIS","HALLMARK_ANGIOGENESIS",30,0.559782384880806,1.47432745976308,0.0479452054794521,0.114155251141553,0.0696947849074742,1158,"tags=37%, list=9%, signal=33%","POSTN/VCAN/THBD/LUM/CCND2/COL3A1/VTN/VEGFA/JAG1/ITGAV/TIMP1"
"HALLMARK_UV_RESPONSE_DN","HALLMARK_UV_RESPONSE_DN","HALLMARK_UV_RESPONSE_DN",131,0.383364319418503,1.25438456741397,0.108048511576626,0.245564799037787,0.149923772044123,3301,"tags=38%, list=26%, signal=29%","CELF2/KIT/TGFBR3/EFEMP1/SYNE1/COL3A1/RGS4/CDON/SDC2/SLC22A18/DAB2/LAMC1/ATRX/BHLHE40/PLCB4/TGFBR2/SNAI2/ATRN/ACVR2A/FYN/TFPI/CAV1/VLDLR/HAS2/COL1A2/SCN8A/ANXA4/IGF1R/CDC42BPA/TJP1/FHL2/GRK5/PDGFRB/DDAH1/DLG1/PMP22/PTPRM/FBLN5/BMPR1A/COL5A2/DLC1/NR3C1/SCAF8/DUSP1/PHF3/IGFBP5/MAP1B/ADD3/ATXN1/NEK7"
"HALLMARK_PANCREAS_BETA_CELLS","HALLMARK_PANCREAS_BETA_CELLS","HALLMARK_PANCREAS_BETA_CELLS",13,0.610398703496766,1.35209871494891,0.129283489096573,0.28105106325342,0.171589070196825,1838,"tags=31%, list=14%, signal=26%","PCSK1/DPP4/STXBP1/MAFB"
"HALLMARK_APICAL_SURFACE","HALLMARK_APICAL_SURFACE","HALLMARK_APICAL_SURFACE",28,0.496927814651742,1.28578443266297,0.159722222222222,0.303914417699976,0.185547749753669,1931,"tags=32%, list=15%, signal=27%","PCSK9/EFNA5/MDGA1/RTN4RL1/SRPX/GSTM3/SULF2/TMEM8B/GAS1"
"HALLMARK_BILE_ACID_METABOLISM","HALLMARK_BILE_ACID_METABOLISM","HALLMARK_BILE_ACID_METABOLISM",74,0.407468694748713,1.24856718628977,0.154676258992806,0.303914417699976,0.185547749753669,1713,"tags=20%, list=13%, signal=18%","ABCA8/ABCA6/ABCA9/BMP6/NR3C2/CH25H/HSD17B6/PEX11G/SLC22A18/OPTN/SLC27A5/NUDT12/PRDX5/EFHC1/ABCA1"
"HALLMARK_ESTROGEN_RESPONSE_LATE","HALLMARK_ESTROGEN_RESPONSE_LATE","HALLMARK_ESTROGEN_RESPONSE_LATE",136,0.365203209939554,1.20075715658217,0.164113785557987,0.303914417699976,0.185547749753669,1432,"tags=20%, list=11%, signal=18%","CPE/CYP26B1/CDH1/MEST/ST6GALNAC2/PGR/DNAJC12/SLC24A3/IL6ST/TNNC1/ANXA9/TIAM1/KLF4/FOS/HOMER2/CLIC3/TPD52L1/PDCD4/PTGES/SLC1A4/ACOX2/FRK/PDZK1/ID2/ALDH3A2/ASS1/PRSS23"
"HALLMARK_APICAL_JUNCTION","HALLMARK_APICAL_JUNCTION","HALLMARK_APICAL_JUNCTION",146,0.36312658060315,1.19735959626504,0.158868335146899,0.303914417699976,0.185547749753669,2979,"tags=29%, list=23%, signal=22%","CDH8/VCAM1/CDH1/VCAN/CLDN11/NRXN2/ACTC1/ITGA10/PCDH1/TGFBI/ITGB4/CDH3/CERCAM/ADAMTS5/FBN1/SORBS3/SKAP2/VCL/ITGB1/ARHGEF6/MMP2/ACTG2/TMEM8B/BMP1/MYL9/ADAM9/RRAS/THBS3/PARVA/TJP1/PTK2/MPZL1/DLG1/RSU1/MAPK13/COL16A1/TRO/NEXN/CLDN15/MYL12B/ADRA1B/CDH6"
"HALLMARK_ESTROGEN_RESPONSE_EARLY","HALLMARK_ESTROGEN_RESPONSE_EARLY","HALLMARK_ESTROGEN_RESPONSE_EARLY",149,0.357607966704581,1.18073095310952,0.175324675324675,0.313079777365492,0.191143443023142,2316,"tags=30%, list=18%, signal=24%","DEPTOR/NAV2/CYP26B1/PGR/SLC24A3/IL6ST/ANXA9/TIAM1/KLF4/FOS/SLC1A1/CLIC3/TPD52L1/PODXL/PTGES/MUC1/ELOVL2/SLC1A4/SVIL/DHRS3/UGCG/FRK/PDZK1/RASGRP1/LRIG1/BHLHE40/SH3BP5/PRSS23/STC2/MAST4/ABAT/SLC39A6/AREG/EGR3/KCNK15/MYOF/IGF1R/FLNB/RPS6KA2/DYNLT3/OLFML3/FHL2/KRT8/SYBU"
"HALLMARK_TNFA_SIGNALING_VIA_NFKB","HALLMARK_TNFA_SIGNALING_VIA_NFKB","HALLMARK_TNFA_SIGNALING_VIA_NFKB",164,0.351573697394305,1.16694725220804,0.19848975188781,0.342223710151397,0.208936580934537,2061,"tags=24%, list=16%, signal=20%","SERPINB2/IL1A/IL6ST/PTX3/ATF3/KLF4/FOS/INHBA/IL6/LIF/GFPT2/TSC22D1/TNFAIP8/IL1B/MAP3K8/VEGFA/MSC/TNFSF9/PTGER4/FOSB/JAG1/JUN/TNFAIP3/ID2/KLF2/BHLHE40/BIRC3/CCNL1/EDN1/AREG/CEBPD/EGR3/ABCA1/NR4A2/KLF9/TNC/ZFP36/SLC2A3/IER3"
"HALLMARK_XENOBIOTIC_METABOLISM","HALLMARK_XENOBIOTIC_METABOLISM","HALLMARK_XENOBIOTIC_METABOLISM",131,0.348377865725516,1.13990738381067,0.229327453142227,0.382212421903712,0.233350741793845,1399,"tags=15%, list=11%, signal=14%","AKR1C3/IGFBP1/CD36/CFB/PDK4/CYP2E1/TGFB2/PROS1/SPINT2/MAN1A1/SLC6A6/VTN/CDO1/PTGES/GAD1/ENPEP/ACOX2/ID2/IL1R1/GCLC"
"HALLMARK_IL2_STAT5_SIGNALING","HALLMARK_IL2_STAT5_SIGNALING","HALLMARK_IL2_STAT5_SIGNALING",143,0.338944882975801,1.11848061285829,0.274701411509229,0.443066792756821,0.27050393663048,2196,"tags=27%, list=17%, signal=22%","FGL2/PTH1R/PRKCH/TIAM1/CAPN3/PENK/NDRG1/LIF/CCND2/MYO1E/MAP3K8/MUC1/PTCH1/S100A1/SCN9A/DHRS3/COL6A1/NCOA3/ITGAV/P4HA1/SLC39A8/AHR/LRIG1/BHLHE40/SMPDL3A/HUWE1/SPRED2/FLT3LG/SYT11/EMP1/ENO3/GBP4/ANXA4/SLC2A3/IGF1R/TTC39B/IRF6/NT5E"
"HALLMARK_P53_PATHWAY","HALLMARK_P53_PATHWAY","HALLMARK_P53_PATHWAY",169,0.331253351058302,1.1053502951033,0.295187165775401,0.461229946524064,0.281593019983113,3109,"tags=30%, list=24%, signal=23%","FGF13/IL1A/CDKN2A/IFI30/NDRG1/ATF3/KLF4/FOS/ITGB4/NUPR1/RRAD/LIF/CCND2/TSC22D1/TPD52L1/ABHD4/TXNIP/CDKN2B/TNFSF9/JUN/PROCR/FUCA1/DDIT4/ANKRA2/ABAT/TSPYL2/F2R/PTPN14/POLH/STEAP3/ZMAT3/IER3/SESN1/CTSD/MXD4/MDM2/PDGFA/CTSF/DDIT3/FAS/NOL8/ADA/ACVR1B/MXD1/BTG1/RGS16/S100A4/SLC7A11/ISCU/ERCC5/RETSAT"
"HALLMARK_MTORC1_SIGNALING","HALLMARK_MTORC1_SIGNALING","HALLMARK_MTORC1_SIGNALING",184,-0.230562791855086,-1.03580499465683,0.388631688803234,0.588835892126112,0.359499807824363,1711,"tags=19%, list=13%, signal=17%","TFRC/TRIB3/SLC2A1/SDF2L1/FDXR/UNG/NFYC/TUBG1/FADS1/MLLT11/NUP205/PSMA3/PDAP1/ARPC5L/RPA1/EBP/DHFR/HMBS/RRP9/STC1/DDX39A/FADS2/MCM2/HPRT1/TUBA4A/TOMM40/BUB1/DHCR24/MCM4/PLK1/CDC25A/RRM2/CCNF/AURKA/CORO1A"
"HALLMARK_REACTIVE_OXYGEN_SPECIES_PATHWAY","HALLMARK_REACTIVE_OXYGEN_SPECIES_PATHWAY","HALLMARK_REACTIVE_OXYGEN_SPECIES_PATHWAY",43,0.362434740687487,1.02075666914784,0.448407643312102,0.659423004870738,0.402595097710556,2116,"tags=16%, list=17%, signal=14%","LSP1/IPCEF1/MBP/PRDX4/GCLC/GPX3/GLRX"
"HALLMARK_PI3K_AKT_MTOR_SIGNALING","HALLMARK_PI3K_AKT_MTOR_SIGNALING","HALLMARK_PI3K_AKT_MTOR_SIGNALING",87,-0.239070992808798,-0.984985442912459,0.54014598540146,0.750202757502028,0.458018525632817,2594,"tags=26%, list=20%, signal=21%","EGFR/ARF1/UBE2N/EIF4E/NFKBIB/AKT1/HRAS/ARHGDIA/PIN1/FGF22/CDK4/TRIB3/SLC2A1/PPP2R1B/PLCG1/CAMK4/ECSIT/MAP3K7/PAK4/CDK1/CDK2/E2F1/RPS6KA1"
"HALLMARK_ANDROGEN_RESPONSE","HALLMARK_ANDROGEN_RESPONSE","HALLMARK_ANDROGEN_RESPONSE",82,0.310214885509992,0.965515564960268,0.527058823529412,0.750202757502028,0.458018525632817,1236,"tags=16%, list=10%, signal=14%","ALDH1A3/NDRG1/BMPR1B/HOMER2/AKAP12/TSC22D1/TNFAIP8/PTK2B/MAP7/B2M/ITGAV/CDC14B/ANKH"
"HALLMARK_PROTEIN_SECRETION","HALLMARK_PROTEIN_SECRETION","HALLMARK_PROTEIN_SECRETION",89,0.300185422252181,0.943346328773384,0.559164733178654,0.755628017808992,0.461330789820227,4443,"tags=45%, list=35%, signal=29%","SSPN/SCAMP1/DST/PAM/ABCA1/GOLGA4/CLN5/STX12/RAB5A/ARFIP1/AP3S1/AP3B1/LAMP2/BNIP3/GALC/USO1/KRT18/RAB2A/CD63/STX7/COPB2/CTSC/YIPF6/MON2/VAMP3/ARFGEF1/SEC22B/RAB9A/ARFGEF2/SEC31A/SGMS1/SNAP23/SNX2/CAV2/COPB1/VPS4B/ERGIC3/SEC24D/STAM/ATP7A"
"HALLMARK_TGF_BETA_SIGNALING","HALLMARK_TGF_BETA_SIGNALING","HALLMARK_TGF_BETA_SIGNALING",52,0.320776764752976,0.931615529510828,0.583743842364532,0.768084003111226,0.468935496636328,3920,"tags=44%, list=31%, signal=31%","CDH1/LTBP2/ID3/ID2/ENG/SKIL/TJP1/XIAP/TRIM33/RAB31/SMURF2/BMPR1A/SPTBN1/KLF10/PPM1A/ACVR1/ARID4B/BMPR2/TGFBR1/FNTA/SERPINE1/JUNB/IFNGR2"
"HALLMARK_HEME_METABOLISM","HALLMARK_HEME_METABOLISM","HALLMARK_HEME_METABOLISM",145,0.284694315302134,0.938930193629003,0.601307189542484,0.770906653259595,0.470658798832173,3751,"tags=37%, list=30%, signal=27%","TRIM58/MXI1/DAAM1/ALDH6A1/ASNS/RHCE/OPTN/HEBP1/OSBP2/BACH1/KLF3/ATP6V0A1/ABCG2/GCLC/TRAK2/BNIP3L/TNS1/NCOA4/SIDT2/RIOK3/ERMAP/LPIN2/EZH1/SDCBP/BMP2K/AGPAT4/NFE2L1/DCAF10/YPEL5/LAMP2/ENDOD1/CCDC28A/NR3C1/SLC7A11/ISCA1/BTRC/GDE1/LRP10/NEK7/C3/GAPVD1/TFDP2/CAST/ARL2BP/MKRN1/CTSB/SELENBP1/FOXO3/P4HA2/SLC6A9/PPP2R5B/ACP5/MARK3/MBOAT2"
"HALLMARK_GLYCOLYSIS","HALLMARK_GLYCOLYSIS","HALLMARK_GLYCOLYSIS",155,0.280408031643958,0.927814867872754,0.630669546436285,0.785207700101317,0.479389964272383,2196,"tags=21%, list=17%, signal=18%","VCAN/ANGPTL4/GPC4/IGFBP3/TGFBI/CACNA1H/DCN/AK4/MXI1/IDUA/CTH/VEGFA/SDC2/CHPF/P4HA1/NOL3/DDIT4/GCLC/AGL/COL5A1/EFNA3/STC2/PAM/LHX9/NDUFV3/VLDLR/PPFIA4/SPAG4/HOMER1/IER3/GLRX/LHPP/NT5E"
"HALLMARK_WNT_BETA_CATENIN_SIGNALING","HALLMARK_WNT_BETA_CATENIN_SIGNALING","HALLMARK_WNT_BETA_CATENIN_SIGNALING",33,0.329803742761109,0.882862758085032,0.648322147651007,0.785207700101317,0.479389964272383,1909,"tags=21%, list=15%, signal=18%","AXIN2/CCND2/PTCH1/JAG1/FZD1/RBPJ/NCSTN"
"HALLMARK_HEDGEHOG_SIGNALING","HALLMARK_HEDGEHOG_SIGNALING","HALLMARK_HEDGEHOG_SIGNALING",22,0.346576864505211,0.85534359796715,0.659574468085106,0.785207700101317,0.479389964272383,1695,"tags=27%, list=13%, signal=24%","DPYSL2/RTN1/VEGFA/PTCH1/OPHN1/VLDLR"
"HALLMARK_UV_RESPONSE_UP","HALLMARK_UV_RESPONSE_UP","HALLMARK_UV_RESPONSE_UP",129,0.2687831231148,0.879573354174508,0.699447513812155,0.794826720241085,0.48526262919982,1354,"tags=13%, list=11%, signal=12%","NTRK3/IL6ST/PLCL1/HLA-F/ATF3/FOS/RRAD/IL6/PTPRD/IGFBP2/CDO1/CDKN2B/ASNS/FOSB/CREG1/PRKACA/RASGRP1"
"HALLMARK_CHOLESTEROL_HOMEOSTASIS","HALLMARK_CHOLESTEROL_HOMEOSTASIS","HALLMARK_CHOLESTEROL_HOMEOSTASIS",63,0.29015757347937,0.864815272080575,0.689320388349515,0.794826720241085,0.48526262919982,2067,"tags=22%, list=16%, signal=19%","GLDC/CPEB2/ATF3/LGALS3/JAG1/CLU/LGMN/TP53INP1/TM7SF2/GSTM2/SREBF2/SQLE/ANXA5/ABCA2"
"HALLMARK_NOTCH_SIGNALING","HALLMARK_NOTCH_SIGNALING","HALLMARK_NOTCH_SIGNALING",29,0.308209264774781,0.802477063375443,0.752433936022253,0.836037706691392,0.510423020927376,1537,"tags=17%, list=12%, signal=15%","NOTCH3/JAG1/WNT2/FZD1/ARRB1"
"HALLMARK_OXIDATIVE_PHOSPHORYLATION","HALLMARK_OXIDATIVE_PHOSPHORYLATION","HALLMARK_OXIDATIVE_PHOSPHORYLATION",181,-0.178558586602827,-0.80383965931212,0.948275862068966,0.984090909090909,0.600813397129187,3387,"tags=31%, list=27%, signal=23%","NDUFA8/NDUFB6/COX10/NDUFS3/MRPS30/OXA1L/NDUFS2/RHOT2/UQCRC1/HSPA9/ATP6V0C/CS/ECHS1/IDH3G/TIMM9/POR/NDUFB3/AIFM1/NDUFS7/PMPCA/OPA1/TOMM22/MTRR/NDUFS6/MDH2/IDH3A/GOT2/PHB2/IDH3B/NDUFA9/SLC25A11/ATP6V0B/ETFA/MRPL15/COX8A/TIMM13/NDUFV1/MRPS22/VDAC3/COX17/SLC25A5/BAX/MRPL34/SUPV3L1/TIMM8B/ATP1B1/COX7A2/BCKDHA/CYC1/TIMM50/UQCRFS1/TCIRG1/IDH2/MRPL35/CASP7/TIMM10"
"HALLMARK_PEROXISOME","HALLMARK_PEROXISOME","HALLMARK_PEROXISOME",79,-0.192580886445143,-0.785333763859596,0.935064935064935,0.984090909090909,0.600813397129187,2264,"tags=16%, list=18%, signal=14%","HRAS/YWHAH/EPHX2/CTBP1/ELOVL5/ACSL5/FADS1/IDH2/CLN6/CTPS1/DHCR24/TOP2A/ALDH1A1"
"HALLMARK_ADIPOGENESIS","HALLMARK_ADIPOGENESIS","HALLMARK_ADIPOGENESIS",170,0.227059429892543,0.757907186906096,0.905982905982906,0.984090909090909,0.600813397129187,2557,"tags=19%, list=20%, signal=16%","LEP/CD36/ANGPTL4/ITGA7/SLC27A1/PDCD4/SSPN/LTC4S/ANGPT1/COL4A1/PGM1/LAMA4/DBT/CCNG2/ABCA1/COL15A1/NKIRAS1/ELOVL6/PHLDB1/FZD4/DNAJB9/VEGFB/GPX3/RIOK3/SCP2/MAP4K3/GBE1/NDUFA5/UQCR11/DHRS7/REEP6/CMPK1/ACAA2"
"HALLMARK_FATTY_ACID_METABOLISM","HALLMARK_FATTY_ACID_METABOLISM","HALLMARK_FATTY_ACID_METABOLISM",124,-0.159346764605693,-0.694048320854633,0.981481481481482,0.984090909090909,0.600813397129187,2315,"tags=18%, list=18%, signal=15%","IDH3B/GPD2/ACADS/ODC1/PTS/YWHAH/ALDOA/ELOVL5/ADSL/NTHL1/APEX1/HSD17B7/FASN/ACSL5/BLVRA/ACAT2/CBR3/NCAPH2/ACSS1/DHCR24/G0S2/ALDH1A1"
"HALLMARK_UNFOLDED_PROTEIN_RESPONSE","HALLMARK_UNFOLDED_PROTEIN_RESPONSE","HALLMARK_UNFOLDED_PROTEIN_RESPONSE",106,0.196630543478848,0.631710226026852,0.984090909090909,0.984090909090909,0.600813397129187,2075,"tags=14%, list=16%, signal=12%","IGFBP1/ATF3/VEGFA/WIPI1/SLC1A4/ASNS/EIF4A2/DDIT4/STC2/TSPYL2/PSAT1/DNAJB9/NFYB/HERPUD1/HSP90B1"
